city,state,country,region,latitude,longitude,daily_life_score,food_scene_score,nightlife_score,culture_score,outdoors_score,transit_score,airport_score,friendliness_score,pace_of_life,lifestyle_score,data_quality,method_version
Tirana,,Albania,Europe,41.3333,19.8333,86.1,74.3,66.3,54.9,33.6,41.6,76.8,,moderate,62.2,partial_daily_life_food_nightlife_culture_outdoors_transit_airport_pace,free_proxy_v1
Buenos Aires,,Argentina,South America,-34.6,-58.45,92.6,87.0,83.4,94.3,46.3,91.6,85.3,,moderate,83.3,partial_daily_life_food_nightlife_culture_outdoors_transit_airport_pace,free_proxy_v1
Yerevan,,Armenia,Asia,40.1872,44.5152,85.6,75.2,69.3,79.4,26.0,68.4,82.0,,moderate,69.6,partial_daily_life_food_nightlife_culture_outdoors_transit_airport_pace,free_proxy_v1
Adelaide,,Australia,Oceania,-34.9333,138.6,79.3,67.9,59.2,68.6,64.2,69.9,81.1,,moderate,70.5,partial_daily_life_food_nightlife_culture_outdoors_transit_airport_pace,free_proxy_v1
Brisbane,,Australia,Oceania,-27.5,153.0167,80.7,71.1,59.7,69.8,59.5,77.3,85.3,,moderate,72.3,partial_daily_life_food_nightlife_culture_outdoors_transit_airport_pace,free_proxy_v1
Canberra,,Australia,Oceania,-35.3333,149.1667,67.5,60.1,41.7,66.1,61.2,46.9,52.9,,slow,58.1,partial_daily_life_food_nightlife_culture_outdoors_transit_airport_pace,free_proxy_v1
Gold Coast,,Australia,Oceania,-27.9833,153.3667,61.0,59.8,44.1,31.8,43.1,76.3,71.0,,slow,55.4,partial_daily_life_food_nightlife_culture_outdoors_transit_airport_pace,free_proxy_v1
Hobart,,Australia,Oceania,-42.9167,147.3333,57.0,54.1,36.6,47.8,53.6,37.2,63.3,,slow,50.3,partial_daily_life_food_nightlife_culture_outdoors_transit_airport_pace,free_proxy_v1
Melbourne,,Australia,Oceania,-37.8333,145.0,90.3,79.9,77.0,81.1,63.2,90.1,82.2,,moderate,81.1,partial_daily_life_food_nightlife_culture_outdoors_transit_airport_pace,free_proxy_v1
Perth,,Australia,Oceania,-31.9333,115.8333,79.4,67.5,59.5,63.2,75.7,70.2,82.7,,moderate,71.6,partial_daily_life_food_nightlife_culture_outdoors_transit_airport_pace,free_proxy_v1
Sydney,,Australia,Oceania,-33.8833,151.2,93.4,80.3,73.1,85.1,82.1,95.2,90.3,,moderate,86.4,partial_daily_life_food_nightlife_culture_outdoors_transit_airport_pace,free_proxy_v1
Graz,,Austria,Europe,47.0833,15.3667,78.8,66.4,65.7,75.5,72.8,71.1,73.4,,slow,72.5,partial_daily_life_food_nightlife_culture_outdoors_transit_airport_pace,free_proxy_v1
Vienna,,Austria,Europe,48.2082,16.3738,98.7,85.4,90.2,97.0,84.1,94.6,91.0,,slow,92.0,partial_daily_life_food_nightlife_culture_outdoors_transit_airport_pace,free_proxy_v1
Villach,,Austria,Europe,46.6167,13.85,56.1,51.5,47.1,52.5,46.6,50.1,62.0,,slow,52.2,partial_daily_life_food_nightlife_culture_outdoors_transit_airport_pace,free_proxy_v1
Baku,,Azerbaijan,Asia,40.4093,49.8671,89.3,75.9,69.5,69.9,24.9,77.9,81.6,,moderate,70.3,partial_daily_life_food_nightlife_culture_outdoors_transit_airport_pace,free_proxy_v1
Manama,,Bahrain,Middle East,26.2,50.6333,72.4,70.7,41.7,45.6,20.1,24.6,84.2,,slow,51.2,partial_daily_life_food_nightlife_culture_outdoors_transit_airport_pace,free_proxy_v1
Dhaka,,Bangladesh,Asia,23.7167,90.4167,92.5,75.0,32.9,61.7,42.5,64.5,81.2,,moderate,66.5,partial_daily_life_food_nightlife_culture_outdoors_transit_airport_pace,free_proxy_v1
Minsk,,Belarus,Europe,53.9006,27.559,91.8,77.4,78.7,89.2,60.8,82.6,77.0,,slow,80.4,partial_daily_life_food_nightlife_culture_outdoors_transit_airport_pace,free_proxy_v1
Antwerp,,Belgium,Europe,51.2194,4.4025,83.0,73.1,72.2,81.8,59.0,81.9,84.7,,moderate,76.7,partial_daily_life_food_nightlife_culture_outdoors_transit_airport_pace,free_proxy_v1
Brussels,,Belgium,Europe,50.8503,4.3517,96.7,83.1,86.2,92.4,70.6,92.7,93.8,,moderate,88.2,partial_daily_life_food_nightlife_culture_outdoors_transit_airport_pace,free_proxy_v1
Gent,,Belgium,Europe,51.0333,3.7,85.5,70.4,63.2,77.0,73.3,71.3,76.6,,slow,74.9,partial_daily_life_food_nightlife_culture_outdoors_transit_airport_pace,free_proxy_v1
Banja Luka,,Bosnia And Herzegovina,Europe,44.7722,17.191,68.3,60.5,48.2,49.1,32.3,34.3,62.4,,slow,51.2,partial_daily_life_food_nightlife_culture_outdoors_transit_airport_pace,free_proxy_v1
Sarajevo,,Bosnia And Herzegovina,Europe,43.8563,18.4131,69.6,65.4,60.7,65.4,40.3,61.9,75.5,,slow,62.5,partial_daily_life_food_nightlife_culture_outdoors_transit_airport_pace,free_proxy_v1
Belo Horizonte,,Brazil,South America,-19.9,-43.9,67.5,62.9,62.4,59.7,27.1,66.7,75.9,,slow,59.8,partial_daily_life_food_nightlife_culture_outdoors_transit_airport_pace,free_proxy_v1
Brasilia,,Brazil,South America,-15.7833,-47.9167,83.8,68.8,58.9,58.9,51.2,61.7,84.5,,slow,67.2,partial_daily_life_food_nightlife_culture_outdoors_transit_airport_pace,free_proxy_v1
Campinas,,Brazil,South America,-22.9056,-47.0608,71.3,58.9,47.5,48.9,23.7,35.0,84.7,,slow,52.5,partial_daily_life_food_nightlife_culture_outdoors_transit_airport_pace,free_proxy_v1
Curitiba,,Brazil,South America,-25.4167,-49.25,79.2,66.1,61.2,70.0,36.4,41.7,78.3,,slow,61.9,partial_daily_life_food_nightlife_culture_outdoors_transit_airport_pace,free_proxy_v1
Florianopolis,,Brazil,South America,-27.5949,-48.5482,62.3,54.8,40.4,58.3,30.1,36.3,74.7,,slow,50.9,partial_daily_life_food_nightlife_culture_outdoors_transit_airport_pace,free_proxy_v1
Porto Alegre,,Brazil,South America,-30.05,-51.2167,77.4,64.9,57.9,73.8,36.6,65.5,81.1,,slow,65.5,partial_daily_life_food_nightlife_culture_outdoors_transit_airport_pace,free_proxy_v1
Recife,,Brazil,South America,-8.1,-34.8833,65.3,57.4,51.5,62.4,40.7,79.4,78.4,,moderate,62.0,partial_daily_life_food_nightlife_culture_outdoors_transit_airport_pace,free_proxy_v1
Rio de Janeiro,,Brazil,South America,-22.9,-43.2333,86.5,72.0,70.6,83.1,74.3,85.4,85.2,,moderate,80.1,partial_daily_life_food_nightlife_culture_outdoors_transit_airport_pace,free_proxy_v1
Sao Paulo,,Brazil,South America,-23.5333,-46.6167,93.9,75.7,78.7,82.6,50.9,81.3,89.4,,moderate,79.2,partial_daily_life_food_nightlife_culture_outdoors_transit_airport_pace,free_proxy_v1
Plovdiv,,Bulgaria,Europe,42.1333,24.75,74.7,65.9,52.2,59.7,27.1,41.6,62.3,,slow,55.5,partial_daily_life_food_nightlife_culture_outdoors_transit_airport_pace,free_proxy_v1
Sofia,,Bulgaria,Europe,42.6833,23.3167,93.9,81.3,81.1,84.0,49.4,82.5,84.2,,slow,79.9,partial_daily_life_food_nightlife_culture_outdoors_transit_airport_pace,free_proxy_v1
Varna,,Bulgaria,Europe,43.2,27.95,71.6,62.8,57.3,59.1,39.3,36.6,72.1,,slow,56.9,partial_daily_life_food_nightlife_culture_outdoors_transit_airport_pace,free_proxy_v1
Brampton,,Canada,North America,43.7315,-79.7624,72.3,62.8,19.2,30.5,37.2,49.2,93.9,,moderate,52.7,partial_daily_life_food_nightlife_culture_outdoors_transit_airport_pace,free_proxy_v1
Calgary,,Canada,North America,51.05,-114.0833,78.2,69.7,57.3,63.5,46.9,84.0,86.9,,slow,69.7,partial_daily_life_food_nightlife_culture_outdoors_transit_airport_pace,free_proxy_v1
Edmonton,,Canada,North America,53.55,-113.4667,74.2,64.8,47.0,62.6,39.8,80.2,77.8,,slow,64.4,partial_daily_life_food_nightlife_culture_outdoors_transit_airport_pace,free_proxy_v1
Halifax,,Canada,North America,44.6488,-63.5752,68.1,61.6,48.7,62.5,54.4,43.1,76.0,,slow,59.3,partial_daily_life_food_nightlife_culture_outdoors_transit_airport_pace,free_proxy_v1
Hamilton,,Canada,North America,43.2333,-79.85,75.6,65.4,43.4,55.1,44.2,42.9,78.7,,moderate,58.5,partial_daily_life_food_nightlife_culture_outdoors_transit_airport_pace,free_proxy_v1
Kelowna,,Canada,North America,49.8879,-119.496,53.5,52.3,27.6,35.3,47.6,28.5,73.4,,slow,45.4,partial_daily_life_food_nightlife_culture_outdoors_transit_airport_pace,free_proxy_v1
London,,Canada,North America,42.9849,-81.2453,67.3,60.8,38.6,44.9,32.7,28.6,51.1,,slow,47.5,partial_daily_life_food_nightlife_culture_outdoors_transit_airport_pace,free_proxy_v1
Mississauga,,Canada,North America,43.589,-79.6441,81.8,70.3,44.9,45.1,35.0,45.6,94.6,,moderate,59.7,partial_daily_life_food_nightlife_culture_outdoors_transit_airport_pace,free_proxy_v1
Montreal,,Canada,North America,45.5,-73.5833,93.5,81.3,76.8,83.6,71.8,89.4,89.7,,moderate,84.3,partial_daily_life_food_nightlife_culture_outdoors_transit_airport_pace,free_proxy_v1
Nanaimo,BC,Canada,North America,49.1659,-123.9401,50.6,48.0,27.2,42.0,45.4,38.8,72.9,,slow,46.3,partial_daily_life_food_nightlife_culture_outdoors_transit_airport_pace,free_proxy_v1
Ottawa,,Canada,North America,45.4167,-75.7,81.1,69.6,57.8,69.2,54.1,83.1,80.1,,moderate,71.4,partial_daily_life_food_nightlife_culture_outdoors_transit_airport_pace,free_proxy_v1
Quebec City,,Canada,North America,46.8139,-71.208,74.5,63.1,48.9,66.4,57.0,43.0,76.5,,moderate,61.9,partial_daily_life_food_nightlife_culture_outdoors_transit_airport_pace,free_proxy_v1
Regina,,Canada,North America,50.4167,-104.65,57.4,53.1,28.8,49.7,23.5,31.9,55.4,,slow,43.6,partial_daily_life_food_nightlife_culture_outdoors_transit_airport_pace,free_proxy_v1
Toronto,,Canada,North America,43.65,-79.3833,94.7,83.4,81.8,81.9,66.9,90.9,91.3,,moderate,84.7,partial_daily_life_food_nightlife_culture_outdoors_transit_airport_pace,free_proxy_v1
Vancouver,,Canada,North America,49.2833,-123.1167,89.6,77.4,70.3,74.0,60.6,79.4,88.4,,moderate,77.5,partial_daily_life_food_nightlife_culture_outdoors_transit_airport_pace,free_proxy_v1
Victoria,,Canada,North America,48.4167,-123.3667,65.6,60.3,42.7,63.3,36.1,42.3,67.2,,slow,54.4,partial_daily_life_food_nightlife_culture_outdoors_transit_airport_pace,free_proxy_v1
Winnipeg,,Canada,North America,49.8833,-97.15,69.3,62.5,45.1,65.1,36.6,42.0,80.0,,slow,57.3,partial_daily_life_food_nightlife_culture_outdoors_transit_airport_pace,free_proxy_v1
Santiago,,Chile,South America,-33.4489,-70.6693,94.4,79.3,70.6,86.6,51.9,88.9,83.1,,slow,80.3,partial_daily_life_food_nightlife_culture_outdoors_transit_airport_pace,free_proxy_v1
Beijing,,China,Asia,39.9333,116.4,81.5,77.7,70.3,86.1,46.7,93.5,92.1,,moderate,78.1,partial_daily_life_food_nightlife_culture_outdoors_transit_airport_pace,free_proxy_v1
Guangzhou,,China,Asia,23.1167,113.25,68.1,68.9,31.9,74.6,34.0,96.1,87.5,,moderate,66.6,partial_daily_life_food_nightlife_culture_outdoors_transit_airport_pace,free_proxy_v1
Qingdao,Shandong,China,Asia,36.0671,120.3826,58.6,62.3,28.2,59.3,34.7,88.6,75.3,,moderate,58.8,partial_daily_life_food_nightlife_culture_outdoors_transit_airport_pace,free_proxy_v1
Shanghai,,China,Asia,31.2333,121.4667,83.5,80.6,74.3,82.8,53.8,98.8,89.7,,moderate,80.5,partial_daily_life_food_nightlife_culture_outdoors_transit_airport_pace,free_proxy_v1
Shenzhen,,China,Asia,22.5431,114.0579,62.2,63.0,32.9,60.0,53.9,85.3,87.3,,moderate,63.8,partial_daily_life_food_nightlife_culture_outdoors_transit_airport_pace,free_proxy_v1
Bogota,,Colombia,South America,4.6,-74.0833,93.7,82.7,81.2,78.3,50.4,70.2,87.8,,moderate,77.9,partial_daily_life_food_nightlife_culture_outdoors_transit_airport_pace,free_proxy_v1
Medellin,,Colombia,South America,6.23083,-75.59056,94.7,74.1,75.1,72.8,63.2,69.5,74.8,,slow,75.9,partial_daily_life_food_nightlife_culture_outdoors_transit_airport_pace,free_proxy_v1
San Jose,,Costa Rica,North America,9.9333,-84.0833,83.5,70.5,64.0,68.7,38.8,52.1,82.0,,moderate,65.8,partial_daily_life_food_nightlife_culture_outdoors_transit_airport_pace,free_proxy_v1
Rijeka,,Croatia,Europe,45.3271,14.4422,60.5,58.0,45.4,51.7,34.8,41.5,69.2,,slow,51.5,partial_daily_life_food_nightlife_culture_outdoors_transit_airport_pace,free_proxy_v1
Split,,Croatia,Europe,43.5167,16.4667,67.6,66.5,55.3,54.7,34.4,52.5,82.0,,slow,58.5,partial_daily_life_food_nightlife_culture_outdoors_transit_airport_pace,free_proxy_v1
Zagreb,,Croatia,Europe,45.815,15.9819,81.3,75.3,73.6,79.2,32.2,70.9,80.5,,slow,70.3,partial_daily_life_food_nightlife_culture_outdoors_transit_airport_pace,free_proxy_v1
Limassol,,Cyprus,Europe,34.6667,33.05,74.0,63.5,56.7,55.0,45.4,35.1,69.8,,slow,57.3,partial_daily_life_food_nightlife_culture_outdoors_transit_airport_pace,free_proxy_v1
Nicosia,,Cyprus,Europe,35.1856,33.3823,77.9,66.0,52.5,72.9,26.0,32.0,75.5,,slow,57.9,partial_daily_life_food_nightlife_culture_outdoors_transit_airport_pace,free_proxy_v1
Brno,,Czech Republic,Europe,49.2167,16.6667,79.9,70.3,73.8,79.3,59.4,71.0,50.6,,slow,70.4,partial_daily_life_food_nightlife_culture_outdoors_transit_airport_pace,free_proxy_v1
Plzen,,Czech Republic,Europe,49.7384,13.3736,65.9,59.7,57.7,68.4,51.4,66.7,66.9,,slow,62.6,partial_daily_life_food_nightlife_culture_outdoors_transit_airport_pace,free_proxy_v1
Prague,,Czech Republic,Europe,50.0755,14.4378,92.0,83.0,93.1,94.7,76.2,92.8,89.7,,slow,88.7,partial_daily_life_food_nightlife_culture_outdoors_transit_airport_pace,free_proxy_v1
Copenhagen,,Denmark,Europe,55.6761,12.5683,85.3,81.3,84.5,85.7,53.9,93.3,92.9,,slow,81.9,partial_daily_life_food_nightlife_culture_outdoors_transit_airport_pace,free_proxy_v1
Santo Domingo,,Dominican Republic,North America,18.4667,-69.9,81.9,65.5,58.4,64.2,40.2,68.7,76.2,,moderate,65.6,partial_daily_life_food_nightlife_culture_outdoors_transit_airport_pace,free_proxy_v1
Cuenca,,Ecuador,South America,-2.9,-79.0,88.5,73.7,60.9,57.4,32.0,45.6,47.9,,slow,59.9,partial_daily_life_food_nightlife_culture_outdoors_transit_airport_pace,free_proxy_v1
Quito,,Ecuador,South America,-0.2167,-78.5,97.3,76.7,68.0,71.7,74.8,66.3,76.9,,slow,77.4,partial_daily_life_food_nightlife_culture_outdoors_transit_airport_pace,free_proxy_v1
Alexandria,,Egypt,Africa,31.2167,29.9167,68.6,60.0,17.5,54.4,17.5,40.3,70.1,,moderate,48.3,partial_daily_life_food_nightlife_culture_outdoors_transit_airport_pace,free_proxy_v1
Cairo,,Egypt,Africa,30.05,31.25,72.2,63.2,35.7,78.8,36.4,83.9,88.1,,moderate,66.2,partial_daily_life_food_nightlife_culture_outdoors_transit_airport_pace,free_proxy_v1
Tallinn,,Estonia,Europe,59.437,24.7536,81.8,67.4,70.5,78.5,56.5,74.4,81.9,,slow,73.1,partial_daily_life_food_nightlife_culture_outdoors_transit_airport_pace,free_proxy_v1
Helsinki,,Finland,Europe,60.1667,24.9667,80.1,72.2,77.3,85.4,78.2,91.5,88.0,,slow,81.6,partial_daily_life_food_nightlife_culture_outdoors_transit_airport_pace,free_proxy_v1
Lyon,,France,Europe,45.75,4.85,95.5,81.6,82.4,90.1,67.9,89.9,86.3,,slow,85.4,partial_daily_life_food_nightlife_culture_outdoors_transit_airport_pace,free_proxy_v1
Paris,,France,Europe,48.8667,2.3333,97.5,99.0,96.3,99.8,71.7,97.9,96.5,,moderate,94.0,partial_daily_life_food_nightlife_culture_outdoors_transit_airport_pace,free_proxy_v1
Toulouse,,France,Europe,43.6167,1.45,88.6,75.1,76.2,78.6,57.3,86.3,85.5,,slow,78.5,partial_daily_life_food_nightlife_culture_outdoors_transit_airport_pace,free_proxy_v1
Tbilisi,,Georgia,Asia,41.7151,44.8271,88.8,80.0,76.0,82.4,40.8,76.4,79.3,,moderate,75.2,partial_daily_life_food_nightlife_culture_outdoors_transit_airport_pace,free_proxy_v1
Berlin,,Germany,Europe,52.55,13.3667,97.1,88.0,98.1,98.3,90.0,95.6,92.9,,moderate,94.3,partial_daily_life_food_nightlife_culture_outdoors_transit_airport_pace,free_proxy_v1
Cologne,,Germany,Europe,50.9375,6.9603,91.9,77.0,85.7,84.8,76.3,83.6,89.0,,moderate,84.1,partial_daily_life_food_nightlife_culture_outdoors_transit_airport_pace,free_proxy_v1
Dusseldorf,,Germany,Europe,51.2167,6.7833,90.9,75.2,78.9,81.1,81.1,90.6,94.6,,slow,84.7,partial_daily_life_food_nightlife_culture_outdoors_transit_airport_pace,free_proxy_v1
Frankfurt,,Germany,Europe,50.1167,8.6833,92.4,77.9,83.7,86.0,74.6,89.1,96.0,,slow,85.6,partial_daily_life_food_nightlife_culture_outdoors_transit_airport_pace,free_proxy_v1
Hamburg,,Germany,Europe,53.55,10.0,92.6,79.8,89.4,91.6,75.9,94.7,90.1,,moderate,87.8,partial_daily_life_food_nightlife_culture_outdoors_transit_airport_pace,free_proxy_v1
Munich,,Germany,Europe,48.1351,11.582,95.5,82.0,88.4,91.9,74.0,86.7,89.5,,slow,87.1,partial_daily_life_food_nightlife_culture_outdoors_transit_airport_pace,free_proxy_v1
Nuremberg,,Germany,Europe,49.45,11.0833,82.7,73.8,74.7,83.1,59.7,84.1,82.9,,slow,77.4,partial_daily_life_food_nightlife_culture_outdoors_transit_airport_pace,free_proxy_v1
Stuttgart,,Germany,Europe,48.7667,9.1833,84.1,73.2,79.1,84.7,62.3,95.9,89.4,,slow,81.1,partial_daily_life_food_nightlife_culture_outdoors_transit_airport_pace,free_proxy_v1
Athens,,Greece,Europe,37.9838,23.7275,96.7,87.7,90.2,96.6,64.8,83.6,88.3,,slow,87.1,partial_daily_life_food_nightlife_culture_outdoors_transit_airport_pace,free_proxy_v1
Thessaloniki,,Greece,Europe,40.6333,22.9667,86.8,76.0,68.5,77.8,45.3,71.8,85.4,,slow,73.4,partial_daily_life_food_nightlife_culture_outdoors_transit_airport_pace,free_proxy_v1
Hong Kong,,Hong Kong (China),Asia,22.3193,114.1694,91.9,82.8,60.3,79.9,63.4,93.4,88.6,,fast,81.2,partial_daily_life_food_nightlife_culture_outdoors_transit_airport_pace,free_proxy_v1
Budapest,,Hungary,Europe,47.5,19.0833,95.2,82.4,86.9,94.2,78.5,95.7,87.5,,moderate,89.1,partial_daily_life_food_nightlife_culture_outdoors_transit_airport_pace,free_proxy_v1
Reykjavik,,Iceland,Europe,64.15,-21.95,60.9,60.5,49.6,64.0,46.0,38.7,73.4,,slow,55.9,partial_daily_life_food_nightlife_culture_outdoors_transit_airport_pace,free_proxy_v1
Ahmedabad,,India,Asia,23.0,72.6667,34.0,28.2,4.3,13.5,14.3,42.9,77.6,,moderate,29.8,partial_daily_life_food_nightlife_culture_outdoors_transit_airport_pace,free_proxy_v1
Bangalore,,India,Asia,12.9667,77.5833,93.9,81.3,58.9,80.8,28.9,79.7,77.7,,moderate,73.0,partial_daily_life_food_nightlife_culture_outdoors_transit_airport_pace,free_proxy_v1
Chennai,,India,Asia,13.0827,80.2707,72.6,63.5,37.4,69.9,21.4,73.7,82.5,,moderate,60.8,partial_daily_life_food_nightlife_culture_outdoors_transit_airport_pace,free_proxy_v1
Coimbatore,,India,Asia,11.0168,76.9558,63.5,53.4,21.7,33.8,15.5,36.6,71.4,,moderate,42.9,partial_daily_life_food_nightlife_culture_outdoors_transit_airport_pace,free_proxy_v1
Delhi,,India,Asia,28.7041,77.1025,75.9,57.8,18.6,39.1,24.2,71.9,90.9,,moderate,55.1,partial_daily_life_food_nightlife_culture_outdoors_transit_airport_pace,free_proxy_v1
Gurgaon,,India,Asia,28.4595,77.0266,66.6,54.8,30.4,31.4,25.8,55.2,92.1,,moderate,50.6,partial_daily_life_food_nightlife_culture_outdoors_transit_airport_pace,free_proxy_v1
Hyderabad,,India,Asia,17.3667,78.4333,77.2,60.4,30.6,61.9,45.7,63.9,80.8,,moderate,61.4,partial_daily_life_food_nightlife_culture_outdoors_transit_airport_pace,free_proxy_v1
Jaipur,,India,Asia,26.8833,75.8333,62.1,53.4,26.4,49.7,42.0,54.9,72.8,,moderate,52.3,partial_daily_life_food_nightlife_culture_outdoors_transit_airport_pace,free_proxy_v1
Kolkata,,India,Asia,22.5726,88.3639,68.5,57.7,28.0,61.5,35.4,83.4,82.5,,moderate,60.4,partial_daily_life_food_nightlife_culture_outdoors_transit_airport_pace,free_proxy_v1
Mangalore,,India,Asia,12.9141,74.856,43.3,45.0,13.5,28.1,16.3,34.6,71.3,,moderate,35.7,partial_daily_life_food_nightlife_culture_outdoors_transit_airport_pace,free_proxy_v1
Mumbai,,India,Asia,19.076,72.8777,84.8,67.1,42.6,57.4,50.7,74.8,93.7,,moderate,68.1,partial_daily_life_food_nightlife_culture_outdoors_transit_airport_pace,free_proxy_v1
Noida,,India,Asia,28.5355,77.391,52.6,46.2,20.7,28.2,28.2,53.0,86.2,,moderate,44.6,partial_daily_life_food_nightlife_culture_outdoors_transit_airport_pace,free_proxy_v1
Pune,,India,Asia,18.5204,73.8567,85.4,66.5,37.3,57.1,35.8,72.8,74.4,,moderate,63.1,partial_daily_life_food_nightlife_culture_outdoors_transit_airport_pace,free_proxy_v1
Thiruvananthapuram,,India,Asia,8.5241,76.9366,79.1,63.4,22.4,58.6,47.8,41.1,78.0,,moderate,57.5,partial_daily_life_food_nightlife_culture_outdoors_transit_airport_pace,free_proxy_v1
Jakarta,,Indonesia,Asia,-6.1667,106.8167,87.9,73.8,49.5,61.1,39.2,78.4,96.3,,moderate,70.0,partial_daily_life_food_nightlife_culture_outdoors_transit_airport_pace,free_proxy_v1
Tehran,,Iran,Middle East,35.6667,51.4333,90.8,73.0,19.7,74.8,32.7,81.3,82.8,,moderate,67.7,partial_daily_life_food_nightlife_culture_outdoors_transit_airport_pace,free_proxy_v1
Cork,,Ireland,Europe,51.9,-8.4667,67.2,60.9,57.2,58.5,23.4,36.3,82.1,,slow,54.2,partial_daily_life_food_nightlife_culture_outdoors_transit_airport_pace,free_proxy_v1
Dublin,,Ireland,Europe,53.3333,-6.25,89.0,74.1,72.0,84.8,62.2,77.9,93.7,,moderate,79.2,partial_daily_life_food_nightlife_culture_outdoors_transit_airport_pace,free_proxy_v1
Haifa,,Israel,Middle East,32.8167,34.9833,57.6,55.6,30.4,44.2,48.9,63.1,60.4,,slow,52.4,partial_daily_life_food_nightlife_culture_outdoors_transit_airport_pace,free_proxy_v1
Tel Aviv-Yafo,,Israel,Middle East,32.0833,34.7667,82.1,72.2,66.0,71.9,46.3,76.5,88.1,,moderate,71.9,partial_daily_life_food_nightlife_culture_outdoors_transit_airport_pace,free_proxy_v1
Bologna,,Italy,Europe,44.5,11.3333,81.3,72.0,68.6,79.8,59.6,69.7,88.5,,slow,74.1,partial_daily_life_food_nightlife_culture_outdoors_transit_airport_pace,free_proxy_v1
Florence,,Italy,Europe,43.7696,11.2558,80.6,73.3,68.3,86.8,46.9,66.5,81.1,,slow,72.1,partial_daily_life_food_nightlife_culture_outdoors_transit_airport_pace,free_proxy_v1
Genoa,,Italy,Europe,44.4056,8.9463,85.3,74.0,72.6,82.1,56.4,79.0,77.3,,slow,75.8,partial_daily_life_food_nightlife_culture_outdoors_transit_airport_pace,free_proxy_v1
Milan,,Italy,Europe,45.4642,9.19,90.9,85.8,88.6,90.9,47.2,87.8,82.8,,moderate,82.1,partial_daily_life_food_nightlife_culture_outdoors_transit_airport_pace,free_proxy_v1
Naples,,Italy,Europe,40.8518,14.2681,82.4,72.9,59.2,82.7,52.8,87.6,86.9,,slow,75.5,partial_daily_life_food_nightlife_culture_outdoors_transit_airport_pace,free_proxy_v1
Rome,,Italy,Europe,41.9028,12.4964,93.8,84.4,82.7,97.1,59.7,89.7,90.5,,slow,85.7,partial_daily_life_food_nightlife_culture_outdoors_transit_airport_pace,free_proxy_v1
Trieste,,Italy,Europe,45.6495,13.7768,69.8,63.8,54.7,70.5,55.4,61.0,67.8,,slow,63.8,partial_daily_life_food_nightlife_culture_outdoors_transit_airport_pace,free_proxy_v1
Turin,,Italy,Europe,45.05,7.6667,88.5,78.2,71.1,82.2,55.0,83.8,79.4,,slow,77.6,partial_daily_life_food_nightlife_culture_outdoors_transit_airport_pace,free_proxy_v1
Osaka,,Japan,Asia,34.6667,135.5,95.2,89.7,83.7,88.7,46.9,99.6,78.2,,moderate,84.0,partial_daily_life_food_nightlife_culture_outdoors_transit_airport_pace,free_proxy_v1
Tokyo,,Japan,Asia,35.6762,139.6503,98.9,91.7,93.7,93.0,66.7,88.7,88.8,,fast,89.0,partial_daily_life_food_nightlife_culture_outdoors_transit_airport_pace,free_proxy_v1
Amman,,Jordan,Middle East,31.95,35.9333,74.4,64.0,36.3,53.6,27.2,32.9,98.4,,moderate,55.0,partial_daily_life_food_nightlife_culture_outdoors_transit_airport_pace,free_proxy_v1
Almaty,,Kazakhstan,Asia,43.222,76.8512,77.1,68.3,47.2,60.5,24.9,60.8,81.2,,moderate,60.4,partial_daily_life_food_nightlife_culture_outdoors_transit_airport_pace,free_proxy_v1
Astana (Nur-Sultan),,Kazakhstan,Asia,51.1694,71.4491,72.6,65.8,44.6,53.1,17.0,56.6,95.6,,moderate,57.4,partial_daily_life_food_nightlife_culture_outdoors_transit_airport_pace,free_proxy_v1
Nairobi,,Kenya,Africa,-1.2833,36.8167,88.2,68.3,74.5,59.4,54.1,40.2,86.7,,moderate,67.1,partial_daily_life_food_nightlife_culture_outdoors_transit_airport_pace,free_proxy_v1
Kuwait City,,Kuwait,Middle East,29.3333,47.9833,64.5,61.5,15.4,42.2,11.2,23.9,86.0,,slow,43.9,partial_daily_life_food_nightlife_culture_outdoors_transit_airport_pace,free_proxy_v1
Riga,,Latvia,Europe,56.9496,24.1052,84.8,70.5,71.9,80.7,52.0,78.5,88.2,,slow,75.2,partial_daily_life_food_nightlife_culture_outdoors_transit_airport_pace,free_proxy_v1
Beirut,,Lebanon,Middle East,33.8833,35.5,80.5,68.6,59.6,61.6,27.3,28.4,85.3,,moderate,58.5,partial_daily_life_food_nightlife_culture_outdoors_transit_airport_pace,free_proxy_v1
Kaunas,,Lithuania,Europe,54.8985,23.9036,67.2,59.4,42.9,65.1,35.1,36.5,77.0,,slow,54.8,partial_daily_life_food_nightlife_culture_outdoors_transit_airport_pace,free_proxy_v1
Vilnius,,Lithuania,Europe,54.6872,25.2797,78.5,67.0,70.5,75.2,56.8,46.3,85.7,,slow,68.1,partial_daily_life_food_nightlife_culture_outdoors_transit_airport_pace,free_proxy_v1
Luxembourg,,Luxembourg,Europe,49.6116,6.1319,69.6,63.4,57.6,67.2,55.3,66.2,87.0,,slow,66.2,partial_daily_life_food_nightlife_culture_outdoors_transit_airport_pace,free_proxy_v1
Kuala Lumpur,,Malaysia,Asia,3.0167,101.7,65.4,64.7,16.3,23.7,31.3,66.3,86.2,,moderate,51.2,partial_daily_life_food_nightlife_culture_outdoors_transit_airport_pace,free_proxy_v1
Guadalajara,,Mexico,North America,20.6667,-103.3333,82.6,65.5,52.8,72.7,31.1,79.6,82.3,,slow,67.4,partial_daily_life_food_nightlife_culture_outdoors_transit_airport_pace,free_proxy_v1
Mexico City,,Mexico,North America,19.4,-99.15,99.3,82.9,75.8,95.3,67.1,87.8,90.7,,moderate,86.5,partial_daily_life_food_nightlife_culture_outdoors_transit_airport_pace,free_proxy_v1
Monterrey,,Mexico,North America,25.6667,-100.3167,71.6,60.8,42.9,64.5,44.0,68.0,77.6,,slow,62.0,partial_daily_life_food_nightlife_culture_outdoors_transit_airport_pace,free_proxy_v1
Queretaro (Santiago de Querétaro),,Mexico,North America,20.5888,-100.3899,83.1,67.2,44.3,59.1,37.1,33.4,65.3,,slow,57.1,partial_daily_life_food_nightlife_culture_outdoors_transit_airport_pace,free_proxy_v1
Chisinau,,Moldova,Europe,47.0105,28.8638,85.6,71.1,69.0,67.1,28.6,45.5,97.2,,slow,65.6,partial_daily_life_food_nightlife_culture_outdoors_transit_airport_pace,free_proxy_v1
Casablanca,,Morocco,Africa,33.6,-7.6167,81.0,68.5,46.4,40.6,23.1,66.9,84.6,,moderate,59.2,partial_daily_life_food_nightlife_culture_outdoors_transit_airport_pace,free_proxy_v1
Windhoek,,Namibia,Africa,-22.5609,17.0658,63.1,53.6,46.7,43.4,31.7,34.8,64.9,,slow,48.3,partial_daily_life_food_nightlife_culture_outdoors_transit_airport_pace,free_proxy_v1
Kathmandu,,Nepal,Asia,27.7172,85.324,98.9,87.3,68.4,72.7,60.3,32.1,83.2,,moderate,72.8,partial_daily_life_food_nightlife_culture_outdoors_transit_airport_pace,free_proxy_v1
Amsterdam,,Netherlands,Europe,52.3833,4.9,89.2,80.7,86.7,89.2,74.4,91.2,96.3,,slow,86.5,partial_daily_life_food_nightlife_culture_outdoors_transit_airport_pace,free_proxy_v1
Eindhoven,,Netherlands,Europe,51.4333,5.5,68.4,66.0,57.8,68.1,33.6,41.5,87.4,,slow,59.6,partial_daily_life_food_nightlife_culture_outdoors_transit_airport_pace,free_proxy_v1
Groningen,,Netherlands,Europe,53.2167,6.5667,75.2,63.3,58.9,66.0,65.4,44.0,67.9,,slow,63.5,partial_daily_life_food_nightlife_culture_outdoors_transit_airport_pace,free_proxy_v1
Rotterdam,,Netherlands,Europe,51.9167,4.4833,80.7,73.7,71.7,76.6,51.8,90.5,82.6,,slow,75.5,partial_daily_life_food_nightlife_culture_outdoors_transit_airport_pace,free_proxy_v1
The Hague (Den Haag),,Netherlands,Europe,52.0667,4.3167,87.2,76.6,75.3,84.7,68.1,81.0,85.4,,slow,80.1,partial_daily_life_food_nightlife_culture_outdoors_transit_airport_pace,free_proxy_v1
Utrecht,,Netherlands,Europe,52.1,5.1167,77.9,69.3,59.4,76.0,57.7,84.9,88.3,,slow,73.5,partial_daily_life_food_nightlife_culture_outdoors_transit_airport_pace,free_proxy_v1
Auckland,,New Zealand,Oceania,-36.85,174.75,81.2,75.3,63.6,73.3,52.4,73.5,82.3,,slow,72.0,partial_daily_life_food_nightlife_culture_outdoors_transit_airport_pace,free_proxy_v1
Christchurch,,New Zealand,Oceania,-43.5833,172.6,67.7,61.5,38.1,59.1,58.3,49.6,77.8,,slow,59.4,partial_daily_life_food_nightlife_culture_outdoors_transit_airport_pace,free_proxy_v1
Wellington,,New Zealand,Oceania,-41.2833,174.7667,66.7,63.0,44.7,65.2,57.0,63.2,79.5,,slow,63.0,partial_daily_life_food_nightlife_culture_outdoors_transit_airport_pace,free_proxy_v1
Lagos,,Nigeria,Africa,6.4333,3.5333,14.9,22.1,8.6,7.6,8.8,13.3,78.4,,moderate,19.4,partial_daily_life_food_nightlife_culture_outdoors_transit_airport_pace,free_proxy_v1
Skopje,,North Macedonia,Europe,41.9981,21.4254,75.4,63.2,55.4,58.1,38.8,44.5,77.6,,slow,59.1,partial_daily_life_food_nightlife_culture_outdoors_transit_airport_pace,free_proxy_v1
Bergen,,Norway,Europe,60.3833,5.3333,69.2,60.0,52.4,69.7,59.2,80.1,84.8,,slow,67.9,partial_daily_life_food_nightlife_culture_outdoors_transit_airport_pace,free_proxy_v1
Oslo,,Norway,Europe,59.9167,10.7333,91.1,72.7,66.1,85.1,97.3,93.9,81.8,,slow,85.4,partial_daily_life_food_nightlife_culture_outdoors_transit_airport_pace,free_proxy_v1
Stavanger,,Norway,Europe,58.9667,5.75,62.3,53.1,40.7,58.1,60.5,46.1,82.6,,slow,57.5,partial_daily_life_food_nightlife_culture_outdoors_transit_airport_pace,free_proxy_v1
Trondheim,,Norway,Europe,63.4167,10.4167,66.2,58.1,48.5,66.3,49.6,64.1,77.0,,slow,61.5,partial_daily_life_food_nightlife_culture_outdoors_transit_airport_pace,free_proxy_v1
Muscat,,Oman,Middle East,23.588,58.3829,66.3,62.8,27.5,27.1,19.4,18.3,86.0,,slow,43.8,partial_daily_life_food_nightlife_culture_outdoors_transit_airport_pace,free_proxy_v1
Islamabad,,Pakistan,Asia,33.7,73.1667,39.1,37.8,0.0,10.1,15.7,19.6,74.8,,moderate,27.8,partial_daily_life_food_nightlife_culture_outdoors_transit_airport_pace,free_proxy_v1
Karachi,,Pakistan,Asia,24.8667,67.05,99.8,81.6,45.9,61.8,54.6,43.7,82.4,,moderate,69.0,partial_daily_life_food_nightlife_culture_outdoors_transit_airport_pace,free_proxy_v1
Lahore,,Pakistan,Asia,31.5667,74.3667,56.3,54.2,8.6,51.1,32.4,54.4,82.5,,moderate,49.2,partial_daily_life_food_nightlife_culture_outdoors_transit_airport_pace,free_proxy_v1
Panama City,,Panama,North America,8.95,-79.5333,70.6,64.8,51.9,58.8,43.3,60.6,84.9,,moderate,61.9,partial_daily_life_food_nightlife_culture_outdoors_transit_airport_pace,free_proxy_v1
Lima,,Peru,South America,-12.05,-77.05,88.4,77.6,69.3,87.3,38.8,67.6,87.0,,moderate,74.0,partial_daily_life_food_nightlife_culture_outdoors_transit_airport_pace,free_proxy_v1
Cebu,,Philippines,Asia,10.2833,123.9333,83.2,73.0,52.2,48.2,31.7,40.1,82.1,,moderate,59.0,partial_daily_life_food_nightlife_culture_outdoors_transit_airport_pace,free_proxy_v1
Davao,,Philippines,Asia,7.0667,125.6,80.5,74.9,47.8,43.7,31.4,26.3,72.6,,moderate,54.6,partial_daily_life_food_nightlife_culture_outdoors_transit_airport_pace,free_proxy_v1
Manila,,Philippines,Asia,14.6,120.9833,97.2,85.9,69.7,81.0,50.2,92.6,91.1,,moderate,82.0,partial_daily_life_food_nightlife_culture_outdoors_transit_airport_pace,free_proxy_v1
Gdansk,,Poland,Europe,54.352,18.6466,81.9,70.3,58.7,80.3,56.6,79.0,84.5,,slow,73.6,partial_daily_life_food_nightlife_culture_outdoors_transit_airport_pace,free_proxy_v1
Krakow (Cracow),,Poland,Europe,50.0647,19.945,94.9,77.5,74.4,85.2,73.9,80.3,85.4,,slow,82.5,partial_daily_life_food_nightlife_culture_outdoors_transit_airport_pace,free_proxy_v1
Lodz,,Poland,Europe,51.7592,19.456,88.3,67.5,55.3,74.7,55.4,74.9,98.5,,slow,73.9,partial_daily_life_food_nightlife_culture_outdoors_transit_airport_pace,free_proxy_v1
Poznan,,Poland,Europe,52.4064,16.9252,84.8,70.8,70.0,81.8,50.4,79.3,78.5,,slow,74.2,partial_daily_life_food_nightlife_culture_outdoors_transit_airport_pace,free_proxy_v1
Warsaw,,Poland,Europe,52.2297,21.0122,93.3,83.3,83.9,93.3,63.1,90.6,89.5,,slow,85.5,partial_daily_life_food_nightlife_culture_outdoors_transit_airport_pace,free_proxy_v1
Wroclaw,,Poland,Europe,51.1079,17.0385,85.7,74.9,72.6,80.3,45.8,79.6,81.4,,slow,74.6,partial_daily_life_food_nightlife_culture_outdoors_transit_airport_pace,free_proxy_v1
Lisbon,,Portugal,Europe,38.7223,-9.1393,96.8,84.0,79.7,92.3,75.9,94.1,92.1,,slow,88.5,partial_daily_life_food_nightlife_culture_outdoors_transit_airport_pace,free_proxy_v1
Porto,,Portugal,Europe,41.15,-8.6167,89.5,77.1,74.0,84.6,65.4,91.6,86.5,,slow,81.8,partial_daily_life_food_nightlife_culture_outdoors_transit_airport_pace,free_proxy_v1
San Juan,,Puerto Rico,North America,18.4667,-66.1167,68.4,63.9,60.4,67.7,44.9,52.9,84.7,,moderate,62.6,partial_daily_life_food_nightlife_culture_outdoors_transit_airport_pace,free_proxy_v1
Doha,,Qatar,Middle East,25.25,51.6,55.1,58.5,13.6,31.4,15.2,51.3,99.0,,slow,45.7,partial_daily_life_food_nightlife_culture_outdoors_transit_airport_pace,free_proxy_v1
Bucharest,,Romania,Europe,44.4268,26.1025,92.9,79.7,81.0,85.8,43.2,84.1,97.7,,moderate,80.4,partial_daily_life_food_nightlife_culture_outdoors_transit_airport_pace,free_proxy_v1
Cluj-Napoca,,Romania,Europe,46.7712,23.6236,80.9,65.6,59.9,67.8,35.1,55.5,78.5,,slow,63.6,partial_daily_life_food_nightlife_culture_outdoors_transit_airport_pace,free_proxy_v1
Iasi,,Romania,Europe,47.15,27.6333,71.9,59.8,49.5,62.1,28.4,60.2,71.7,,slow,58.1,partial_daily_life_food_nightlife_culture_outdoors_transit_airport_pace,free_proxy_v1
Timisoara,,Romania,Europe,45.7489,21.2087,69.4,62.8,54.6,62.9,5.5,72.5,73.9,,slow,57.3,partial_daily_life_food_nightlife_culture_outdoors_transit_airport_pace,free_proxy_v1
Kaliningrad,,Russia,Europe,54.7104,20.4522,73.6,62.8,47.6,65.6,25.7,63.8,69.8,,slow,59.1,partial_daily_life_food_nightlife_culture_outdoors_transit_airport_pace,free_proxy_v1
Kazan,,Russia,Europe,55.8304,49.0661,82.4,73.0,66.3,78.3,33.3,77.8,73.3,,slow,69.8,partial_daily_life_food_nightlife_culture_outdoors_transit_airport_pace,free_proxy_v1
Krasnodar,,Russia,Europe,45.0393,38.9872,83.8,71.2,63.1,74.3,25.7,76.2,81.3,,moderate,68.3,partial_daily_life_food_nightlife_culture_outdoors_transit_airport_pace,free_proxy_v1
Moscow,,Russia,Europe,55.7558,37.6173,89.5,88.1,96.8,98.4,51.2,98.3,87.7,,moderate,86.8,partial_daily_life_food_nightlife_culture_outdoors_transit_airport_pace,free_proxy_v1
Nizhny Novgorod,,Russia,Europe,56.2965,43.9361,80.1,69.3,63.3,79.4,18.9,85.9,75.6,,slow,67.9,partial_daily_life_food_nightlife_culture_outdoors_transit_airport_pace,free_proxy_v1
Novosibirsk,,Russia,Europe,55.0084,82.9357,84.7,68.7,58.9,68.5,19.7,79.7,82.7,,moderate,66.6,partial_daily_life_food_nightlife_culture_outdoors_transit_airport_pace,free_proxy_v1
Rostov-on-Don (Rostov-na-donu),,Russia,Europe,47.2357,39.7015,76.4,64.7,57.3,61.6,10.1,71.6,72.0,,moderate,59.4,partial_daily_life_food_nightlife_culture_outdoors_transit_airport_pace,free_proxy_v1
Saint Petersburg,,Russia,Europe,59.9311,30.3609,88.2,86.5,95.2,97.2,45.6,93.4,90.3,,moderate,84.6,partial_daily_life_food_nightlife_culture_outdoors_transit_airport_pace,free_proxy_v1
Yekaterinburg,,Russia,Europe,56.8389,60.6057,89.3,72.8,66.5,79.1,48.4,76.8,86.0,,moderate,74.7,partial_daily_life_food_nightlife_culture_outdoors_transit_airport_pace,free_proxy_v1
Ad Dammam,,Saudi Arabia,Middle East,26.4207,50.0888,48.7,49.7,0.0,21.2,20.9,17.0,78.9,,slow,34.0,partial_daily_life_food_nightlife_culture_outdoors_transit_airport_pace,free_proxy_v1
Jeddah (Jiddah),,Saudi Arabia,Middle East,21.4858,39.1925,63.0,58.6,2.5,31.0,14.9,21.1,89.1,,slow,40.6,partial_daily_life_food_nightlife_culture_outdoors_transit_airport_pace,free_proxy_v1
Riyadh,,Saudi Arabia,Middle East,24.7136,46.6753,66.2,61.1,0.0,40.1,19.7,64.3,83.5,,slow,49.4,partial_daily_life_food_nightlife_culture_outdoors_transit_airport_pace,free_proxy_v1
Belgrade,,Serbia,Europe,44.7866,20.4489,92.2,79.1,78.9,86.3,66.5,75.7,85.4,,moderate,81.0,partial_daily_life_food_nightlife_culture_outdoors_transit_airport_pace,free_proxy_v1
Novi Sad,,Serbia,Europe,45.2671,19.8335,71.1,65.3,52.2,57.2,34.9,38.1,67.9,,slow,55.6,partial_daily_life_food_nightlife_culture_outdoors_transit_airport_pace,free_proxy_v1
Singapore,,Singapore,Asia,1.3521,103.8198,90.4,82.3,75.8,76.5,63.2,87.3,91.0,,fast,81.2,partial_daily_life_food_nightlife_culture_outdoors_transit_airport_pace,free_proxy_v1
Bratislava,,Slovakia,Europe,48.1486,17.1077,90.5,74.0,77.4,86.1,70.3,73.1,82.6,,slow,79.6,partial_daily_life_food_nightlife_culture_outdoors_transit_airport_pace,free_proxy_v1
Ljubljana,,Slovenia,Europe,46.0667,14.5,65.5,62.8,56.1,72.3,41.9,48.9,77.0,,slow,60.3,partial_daily_life_food_nightlife_culture_outdoors_transit_airport_pace,free_proxy_v1
Cape Town,,South Africa,Africa,-33.9249,18.4241,68.2,63.2,50.2,59.8,60.5,52.2,77.4,,moderate,61.8,partial_daily_life_food_nightlife_culture_outdoors_transit_airport_pace,free_proxy_v1
Durban,,South Africa,Africa,-29.8833,31.0,57.6,52.2,32.9,39.0,38.6,41.1,68.7,,slow,47.3,partial_daily_life_food_nightlife_culture_outdoors_transit_airport_pace,free_proxy_v1
Johannesburg,,South Africa,Africa,-26.1667,28.0333,70.6,62.2,41.8,56.2,41.0,48.7,85.7,,slow,58.1,partial_daily_life_food_nightlife_culture_outdoors_transit_airport_pace,free_proxy_v1
Port Elizabeth,,South Africa,Africa,-33.9667,25.6,54.0,51.9,31.1,36.7,18.6,33.5,67.9,,slow,41.8,partial_daily_life_food_nightlife_culture_outdoors_transit_airport_pace,free_proxy_v1
Pretoria,,South Africa,Africa,-25.75,28.2,72.2,60.2,40.1,56.5,49.2,45.4,77.6,,moderate,57.9,partial_daily_life_food_nightlife_culture_outdoors_transit_airport_pace,free_proxy_v1
Seoul,,South Korea,Asia,37.5665,126.978,95.4,97.9,84.0,97.2,58.0,95.4,80.3,,fast,87.8,partial_daily_life_food_nightlife_culture_outdoors_transit_airport_pace,free_proxy_v1
Barcelona,,Spain,Europe,41.3833,2.1833,91.7,89.0,90.2,93.0,56.3,96.4,94.4,,slow,87.0,partial_daily_life_food_nightlife_culture_outdoors_transit_airport_pace,free_proxy_v1
Madrid,,Spain,Europe,40.4,-3.6833,95.0,88.4,98.5,94.1,59.1,91.7,94.2,,slow,88.3,partial_daily_life_food_nightlife_culture_outdoors_transit_airport_pace,free_proxy_v1
Malaga,,Spain,Europe,36.7167,-4.4167,75.6,68.6,63.5,75.6,34.9,74.3,92.4,,slow,68.7,partial_daily_life_food_nightlife_culture_outdoors_transit_airport_pace,free_proxy_v1
Valencia,,Spain,Europe,39.4667,-0.3667,93.0,76.3,79.2,81.0,50.5,87.3,86.5,,slow,79.4,partial_daily_life_food_nightlife_culture_outdoors_transit_airport_pace,free_proxy_v1
Colombo,,Sri Lanka,Asia,6.9333,79.85,66.6,65.3,44.4,59.5,8.6,45.3,96.5,,moderate,54.2,partial_daily_life_food_nightlife_culture_outdoors_transit_airport_pace,free_proxy_v1
Gothenburg,,Sweden,Europe,57.7089,11.9746,75.3,71.7,60.8,70.6,55.6,75.3,79.5,,slow,70.1,partial_daily_life_food_nightlife_culture_outdoors_transit_airport_pace,free_proxy_v1
Stockholm,,Sweden,Europe,59.3333,18.05,86.8,79.4,73.5,86.6,73.1,97.4,83.5,,slow,83.5,partial_daily_life_food_nightlife_culture_outdoors_transit_airport_pace,free_proxy_v1
Basel,,Switzerland,Europe,47.55,7.6,82.8,69.6,64.8,79.9,76.3,85.0,88.1,,moderate,78.5,partial_daily_life_food_nightlife_culture_outdoors_transit_airport_pace,free_proxy_v1
Bern,,Switzerland,Europe,46.95,7.4667,77.0,67.9,63.1,76.4,57.0,79.5,65.7,,moderate,70.4,partial_daily_life_food_nightlife_culture_outdoors_transit_airport_pace,free_proxy_v1
Geneva,,Switzerland,Europe,46.2044,6.1432,87.9,73.6,73.4,85.5,71.2,79.8,92.4,,slow,80.7,partial_daily_life_food_nightlife_culture_outdoors_transit_airport_pace,free_proxy_v1
Lausanne,,Switzerland,Europe,46.5333,6.65,77.4,67.2,62.8,72.1,57.5,83.2,75.6,,slow,71.3,partial_daily_life_food_nightlife_culture_outdoors_transit_airport_pace,free_proxy_v1
Zurich,,Switzerland,Europe,47.3667,8.5167,88.5,76.6,79.5,82.7,75.1,90.0,93.4,,moderate,83.7,partial_daily_life_food_nightlife_culture_outdoors_transit_airport_pace,free_proxy_v1
Taipei,,Taiwan,Asia,25.033,121.5654,95.8,95.1,69.4,88.0,66.7,92.6,84.2,,moderate,85.9,partial_daily_life_food_nightlife_culture_outdoors_transit_airport_pace,free_proxy_v1
Bangkok,,Thailand,Asia,13.75,100.5167,89.9,83.1,77.9,88.6,43.3,93.2,88.2,,moderate,80.8,partial_daily_life_food_nightlife_culture_outdoors_transit_airport_pace,free_proxy_v1
Chiang Mai,,Thailand,Asia,18.8,98.9833,84.0,78.0,67.0,55.0,35.1,29.9,81.5,,slow,61.4,partial_daily_life_food_nightlife_culture_outdoors_transit_airport_pace,free_proxy_v1
Pattaya,,Thailand,Asia,12.9236,100.8825,75.2,71.8,79.9,47.3,13.3,29.4,65.3,,slow,53.8,partial_daily_life_food_nightlife_culture_outdoors_transit_airport_pace,free_proxy_v1
Tunis,,Tunisia,Africa,36.8,10.2,78.7,67.9,27.1,54.8,32.4,78.7,87.8,,slow,62.3,partial_daily_life_food_nightlife_culture_outdoors_transit_airport_pace,free_proxy_v1
Ankara,,Turkey,Middle East,39.9333,32.8667,86.2,70.0,51.1,69.2,52.1,83.0,79.9,,moderate,71.5,partial_daily_life_food_nightlife_culture_outdoors_transit_airport_pace,free_proxy_v1
Antalya,,Turkey,Middle East,36.8969,30.7133,81.5,69.1,45.4,53.8,33.4,49.6,87.8,,moderate,60.5,partial_daily_life_food_nightlife_culture_outdoors_transit_airport_pace,free_proxy_v1
Bursa,,Turkey,Middle East,40.2,29.0667,66.6,55.5,19.7,52.1,23.6,70.6,66.3,,slow,52.2,partial_daily_life_food_nightlife_culture_outdoors_transit_airport_pace,free_proxy_v1
Istanbul,,Turkey,Middle East,41.0167,28.9667,97.8,87.7,73.6,86.6,59.1,93.8,87.9,,moderate,84.8,partial_daily_life_food_nightlife_culture_outdoors_transit_airport_pace,free_proxy_v1
Izmir,,Turkey,Middle East,38.4167,27.1667,82.0,70.1,48.1,68.8,20.8,82.7,83.5,,moderate,65.9,partial_daily_life_food_nightlife_culture_outdoors_transit_airport_pace,free_proxy_v1
Dnipro,,Ukraine,Europe,48.4647,35.0462,81.0,65.5,56.6,58.7,27.6,76.1,53.8,,slow,61.4,partial_daily_life_food_nightlife_culture_outdoors_transit_airport_pace,free_proxy_v1
Kharkiv,,Ukraine,Europe,49.9935,36.2304,85.8,69.3,64.4,74.5,45.9,83.0,54.4,,moderate,69.9,partial_daily_life_food_nightlife_culture_outdoors_transit_airport_pace,free_proxy_v1
Kiev (Kyiv),,Ukraine,Europe,50.4501,30.5234,93.9,80.3,77.9,91.9,72.6,84.6,59.5,,moderate,81.9,partial_daily_life_food_nightlife_culture_outdoors_transit_airport_pace,free_proxy_v1
Lviv,,Ukraine,Europe,49.8397,24.0297,88.0,74.6,63.1,75.8,45.3,77.5,77.3,,slow,72.6,partial_daily_life_food_nightlife_culture_outdoors_transit_airport_pace,free_proxy_v1
Odessa (Odesa),,Ukraine,Europe,46.4825,30.7233,80.1,66.1,50.8,72.7,45.3,76.4,74.9,,slow,67.7,partial_daily_life_food_nightlife_culture_outdoors_transit_airport_pace,free_proxy_v1
Abu Dhabi,,United Arab Emirates,Middle East,24.4667,54.4167,81.8,74.4,40.3,49.5,28.2,29.4,85.4,,slow,56.2,partial_daily_life_food_nightlife_culture_outdoors_transit_airport_pace,free_proxy_v1
Dubai,,United Arab Emirates,Middle East,25.2333,55.2833,82.3,76.0,50.9,60.5,35.2,77.7,96.7,,moderate,68.6,partial_daily_life_food_nightlife_culture_outdoors_transit_airport_pace,free_proxy_v1
Sharjah,,United Arab Emirates,Middle East,25.3333,55.4333,84.7,74.1,16.4,53.1,23.6,33.2,96.1,,moderate,55.8,partial_daily_life_food_nightlife_culture_outdoors_transit_airport_pace,free_proxy_v1
Belfast,,United Kingdom,Europe,54.5973,-5.9301,69.2,62.2,46.5,64.5,50.4,49.5,78.5,,moderate,60.3,partial_daily_life_food_nightlife_culture_outdoors_transit_airport_pace,free_proxy_v1
Birmingham,,United Kingdom,Europe,52.4833,-1.8833,82.5,72.6,67.8,74.8,56.9,74.9,89.4,,moderate,74.1,partial_daily_life_food_nightlife_culture_outdoors_transit_airport_pace,free_proxy_v1
Bristol,,United Kingdom,Europe,51.45,-2.5833,64.4,58.4,48.7,76.1,60.4,58.2,88.0,,moderate,64.5,partial_daily_life_food_nightlife_culture_outdoors_transit_airport_pace,free_proxy_v1
Cambridge,,United Kingdom,Europe,52.2053,0.1218,68.5,59.4,41.4,60.3,67.6,42.4,84.8,,moderate,60.8,partial_daily_life_food_nightlife_culture_outdoors_transit_airport_pace,free_proxy_v1
Edinburgh,,United Kingdom,Europe,55.95,-3.2,81.0,74.7,73.3,78.6,59.7,69.2,89.8,,moderate,74.8,partial_daily_life_food_nightlife_culture_outdoors_transit_airport_pace,free_proxy_v1
Glasgow,,United Kingdom,Europe,55.85,-4.2667,82.1,73.0,70.0,73.1,52.4,79.4,87.1,,moderate,73.8,partial_daily_life_food_nightlife_culture_outdoors_transit_airport_pace,free_proxy_v1
Leeds,,United Kingdom,Europe,53.8333,-1.5833,82.9,71.6,65.0,63.4,74.5,52.2,86.5,,moderate,71.0,partial_daily_life_food_nightlife_culture_outdoors_transit_airport_pace,free_proxy_v1
Liverpool,,United Kingdom,Europe,53.3833,-3.0,73.5,65.3,59.6,65.6,47.2,73.7,84.8,,moderate,66.9,partial_daily_life_food_nightlife_culture_outdoors_transit_airport_pace,free_proxy_v1
London,,United Kingdom,Europe,51.5167,-0.0833,96.0,89.8,95.3,98.1,76.7,98.7,89.9,,moderate,92.2,partial_daily_life_food_nightlife_culture_outdoors_transit_airport_pace,free_proxy_v1
Manchester,,United Kingdom,Europe,53.4667,-2.2333,84.8,74.1,74.9,70.9,56.0,82.4,93.1,,moderate,76.3,partial_daily_life_food_nightlife_culture_outdoors_transit_airport_pace,free_proxy_v1
Newcastle upon Tyne,,United Kingdom,Europe,54.9783,-1.6178,80.8,70.8,63.4,65.5,54.9,80.4,85.7,,moderate,71.8,partial_daily_life_food_nightlife_culture_outdoors_transit_airport_pace,free_proxy_v1
Albuquerque,NM,United States,North America,35.0833,-106.65,66.6,59.1,52.5,66.2,42.5,34.4,80.2,,moderate,56.9,partial_daily_life_food_nightlife_culture_outdoors_transit_airport_pace,free_proxy_v1
Anchorage,AK,United States,North America,61.2167,-149.8833,50.6,51.0,27.0,52.2,28.3,33.9,83.0,,moderate,45.9,partial_daily_life_food_nightlife_culture_outdoors_transit_airport_pace,free_proxy_v1
Atlanta,GA,United States,North America,33.75,-84.4,71.7,62.6,55.8,72.7,40.2,60.2,96.5,,moderate,64.9,partial_daily_life_food_nightlife_culture_outdoors_transit_airport_pace,free_proxy_v1
Austin,TX,United States,North America,30.2667,-97.75,70.9,62.5,57.1,74.4,57.2,44.8,83.7,,moderate,64.1,partial_daily_life_food_nightlife_culture_outdoors_transit_airport_pace,free_proxy_v1
Baltimore,MD,United States,North America,39.2833,-76.6167,73.9,64.9,64.3,75.1,58.5,82.4,87.7,,moderate,72.1,partial_daily_life_food_nightlife_culture_outdoors_transit_airport_pace,free_proxy_v1
Boise,ID,United States,North America,43.6167,-116.2,44.0,50.0,26.1,52.4,22.9,26.2,77.3,,moderate,41.9,partial_daily_life_food_nightlife_culture_outdoors_transit_airport_pace,free_proxy_v1
Boston,MA,United States,North America,42.35,-71.05,87.1,74.5,72.1,86.7,77.3,95.2,92.8,,moderate,84.0,partial_daily_life_food_nightlife_culture_outdoors_transit_airport_pace,free_proxy_v1
Buffalo,NY,United States,North America,42.8833,-78.8667,58.2,53.6,40.6,63.1,46.2,60.8,77.7,,moderate,57.0,partial_daily_life_food_nightlife_culture_outdoors_transit_airport_pace,free_proxy_v1
Charlotte,NC,United States,North America,35.2167,-80.85,63.5,60.1,51.3,62.2,43.0,63.9,94.8,,moderate,61.7,partial_daily_life_food_nightlife_culture_outdoors_transit_airport_pace,free_proxy_v1
Chicago,IL,United States,North America,41.8667,-87.6333,82.3,74.6,68.5,81.2,67.1,94.1,91.2,,moderate,80.0,partial_daily_life_food_nightlife_culture_outdoors_transit_airport_pace,free_proxy_v1
Cincinnati,OH,United States,North America,39.1,-84.5167,60.3,57.7,50.6,71.6,53.5,54.5,84.0,,moderate,61.1,partial_daily_life_food_nightlife_culture_outdoors_transit_airport_pace,free_proxy_v1
Cleveland,OH,United States,North America,41.5,-81.7,64.7,59.9,56.5,66.8,62.1,64.8,84.8,,moderate,65.1,partial_daily_life_food_nightlife_culture_outdoors_transit_airport_pace,free_proxy_v1
Colorado Springs,CO,United States,North America,38.8333,-104.8167,65.7,54.3,39.3,58.4,66.2,30.8,73.6,,moderate,55.9,partial_daily_life_food_nightlife_culture_outdoors_transit_airport_pace,free_proxy_v1
Columbus,OH,United States,North America,39.9612,-82.9988,64.6,59.8,52.0,63.7,44.9,36.6,81.9,,moderate,57.1,partial_daily_life_food_nightlife_culture_outdoors_transit_airport_pace,free_proxy_v1
Dallas,TX,United States,North America,32.7833,-96.8,61.4,58.2,49.8,65.0,25.5,80.4,90.8,,moderate,60.7,partial_daily_life_food_nightlife_culture_outdoors_transit_airport_pace,free_proxy_v1
Denver,CO,United States,North America,39.75,-104.9833,77.2,71.2,71.3,74.0,42.3,75.9,88.8,,moderate,71.0,partial_daily_life_food_nightlife_culture_outdoors_transit_airport_pace,free_proxy_v1
Detroit,MI,United States,North America,42.3333,-83.05,71.0,63.2,57.7,71.0,58.8,66.2,87.0,,moderate,67.5,partial_daily_life_food_nightlife_culture_outdoors_transit_airport_pace,free_proxy_v1
Fort Worth,TX,United States,North America,32.75,-97.3333,56.2,52.7,38.4,61.2,20.4,38.1,88.2,,moderate,49.8,partial_daily_life_food_nightlife_culture_outdoors_transit_airport_pace,free_proxy_v1
Honolulu,HI,United States,North America,21.3167,-157.8667,63.7,63.9,49.9,56.8,44.7,50.6,86.5,,moderate,58.8,partial_daily_life_food_nightlife_culture_outdoors_transit_airport_pace,free_proxy_v1
Houston,TX,United States,North America,29.75,-95.3667,70.3,61.7,55.7,74.1,40.3,71.4,89.6,,moderate,65.7,partial_daily_life_food_nightlife_culture_outdoors_transit_airport_pace,free_proxy_v1
Indianapolis,IN,United States,North America,39.7667,-86.1667,55.2,53.3,39.7,63.9,46.3,31.8,82.1,,moderate,52.5,partial_daily_life_food_nightlife_culture_outdoors_transit_airport_pace,free_proxy_v1
Jacksonville,FL,United States,North America,30.3333,-81.6667,47.3,50.4,36.8,47.8,24.8,42.1,78.2,,moderate,45.7,partial_daily_life_food_nightlife_culture_outdoors_transit_airport_pace,free_proxy_v1
Kansas City,MO,United States,North America,39.0997,-94.5786,58.9,57.7,53.8,69.5,42.5,51.6,79.5,,moderate,58.3,partial_daily_life_food_nightlife_culture_outdoors_transit_airport_pace,free_proxy_v1
Las Vegas,NV,United States,North America,36.1667,-115.15,60.8,61.2,59.4,63.5,36.3,57.8,94.3,,moderate,60.4,partial_daily_life_food_nightlife_culture_outdoors_transit_airport_pace,free_proxy_v1
Los Angeles,CA,United States,North America,34.05,-118.2333,71.4,69.9,58.7,76.2,37.5,80.5,91.7,,moderate,68.9,partial_daily_life_food_nightlife_culture_outdoors_transit_airport_pace,free_proxy_v1
Madison,WI,United States,North America,43.0667,-89.3833,67.5,56.7,50.1,59.9,77.5,29.4,55.4,,moderate,57.6,partial_daily_life_food_nightlife_culture_outdoors_transit_airport_pace,free_proxy_v1
Miami,FL,United States,North America,25.7833,-80.2,71.2,63.5,54.0,66.6,46.5,76.0,94.4,,moderate,67.0,partial_daily_life_food_nightlife_culture_outdoors_transit_airport_pace,free_proxy_v1
Milwaukee,WI,United States,North America,43.0333,-87.9,68.9,62.0,63.2,77.3,62.0,50.3,81.5,,moderate,66.0,partial_daily_life_food_nightlife_culture_outdoors_transit_airport_pace,free_proxy_v1
Minneapolis,MN,United States,North America,44.9833,-93.2667,71.6,65.1,58.5,74.7,55.5,81.3,92.6,,moderate,70.9,partial_daily_life_food_nightlife_culture_outdoors_transit_airport_pace,free_proxy_v1
Nashville,TN,United States,North America,36.1667,-86.7833,61.8,57.6,46.7,58.0,43.7,40.4,84.8,,moderate,55.5,partial_daily_life_food_nightlife_culture_outdoors_transit_airport_pace,free_proxy_v1
New Orleans,LA,United States,North America,29.95,-90.0667,66.2,62.4,63.9,67.7,35.2,54.3,80.7,,moderate,60.6,partial_daily_life_food_nightlife_culture_outdoors_transit_airport_pace,free_proxy_v1
New York,NY,United States,North America,40.75,-74.0,99.8,90.3,93.5,95.0,83.0,99.5,92.8,,fast,93.8,partial_daily_life_food_nightlife_culture_outdoors_transit_airport_pace,free_proxy_v1
Oakland,CA,United States,North America,37.8,-122.2667,80.0,71.3,60.5,78.8,64.6,72.4,88.8,,moderate,74.0,partial_daily_life_food_nightlife_culture_outdoors_transit_airport_pace,free_proxy_v1
Oklahoma City,OK,United States,North America,35.4667,-97.5167,55.5,49.4,33.8,57.2,30.0,47.0,78.0,,moderate,49.8,partial_daily_life_food_nightlife_culture_outdoors_transit_airport_pace,free_proxy_v1
Omaha,NE,United States,North America,41.2667,-95.9333,57.1,52.4,43.6,60.7,52.9,32.7,78.9,,moderate,53.5,partial_daily_life_food_nightlife_culture_outdoors_transit_airport_pace,free_proxy_v1
Orlando,FL,United States,North America,28.55,-81.3833,49.4,55.0,34.7,49.1,8.4,41.7,91.4,,moderate,45.6,partial_daily_life_food_nightlife_culture_outdoors_transit_airport_pace,free_proxy_v1
Philadelphia,PA,United States,North America,39.95,-75.15,81.1,70.4,60.1,84.2,65.0,81.0,92.2,,moderate,76.5,partial_daily_life_food_nightlife_culture_outdoors_transit_airport_pace,free_proxy_v1
Phoenix,AZ,United States,North America,33.45,-112.0667,66.9,58.9,47.2,60.5,38.7,75.6,93.1,,moderate,62.5,partial_daily_life_food_nightlife_culture_outdoors_transit_airport_pace,free_proxy_v1
Pittsburgh,PA,United States,North America,40.4333,-80.0,73.1,63.6,50.6,67.9,63.1,77.6,80.0,,moderate,68.5,partial_daily_life_food_nightlife_culture_outdoors_transit_airport_pace,free_proxy_v1
Portland,OR,United States,North America,45.5152,-122.6784,79.3,68.6,65.5,75.7,70.9,84.3,86.4,,moderate,76.0,partial_daily_life_food_nightlife_culture_outdoors_transit_airport_pace,free_proxy_v1
Raleigh,NC,United States,North America,35.7833,-78.6333,57.6,56.5,49.7,55.5,41.3,41.0,81.5,,moderate,53.8,partial_daily_life_food_nightlife_culture_outdoors_transit_airport_pace,free_proxy_v1
Reno,NV,United States,North America,39.5167,-119.8167,57.8,56.2,50.2,54.3,42.9,33.1,76.1,,moderate,52.2,partial_daily_life_food_nightlife_culture_outdoors_transit_airport_pace,free_proxy_v1
Richmond,VA,United States,North America,37.5333,-77.4333,60.3,59.6,40.3,71.2,43.7,32.3,77.7,,moderate,54.9,partial_daily_life_food_nightlife_culture_outdoors_transit_airport_pace,free_proxy_v1
Sacramento,CA,United States,North America,38.5833,-121.5,68.8,62.2,46.6,56.5,38.6,71.5,79.8,,moderate,60.7,partial_daily_life_food_nightlife_culture_outdoors_transit_airport_pace,free_proxy_v1
Saint Louis,MO,United States,North America,38.627,-90.1994,54.7,55.9,45.4,70.6,49.7,71.5,83.9,,moderate,61.0,partial_daily_life_food_nightlife_culture_outdoors_transit_airport_pace,free_proxy_v1
Salt Lake City,UT,United States,North America,40.75,-111.8833,70.1,63.2,46.5,68.5,52.6,75.1,90.3,,moderate,66.6,partial_daily_life_food_nightlife_culture_outdoors_transit_airport_pace,free_proxy_v1
San Antonio,TX,United States,North America,29.4333,-98.4833,52.3,51.5,39.9,68.4,22.6,29.9,82.3,,moderate,48.5,partial_daily_life_food_nightlife_culture_outdoors_transit_airport_pace,free_proxy_v1
San Diego,CA,United States,North America,32.7167,-117.15,70.4,66.2,60.7,77.1,59.8,82.6,87.6,,moderate,71.8,partial_daily_life_food_nightlife_culture_outdoors_transit_airport_pace,free_proxy_v1
San Francisco,CA,United States,North America,37.7833,-122.4167,87.6,78.4,78.8,87.0,73.6,91.7,90.2,,moderate,84.0,partial_daily_life_food_nightlife_culture_outdoors_transit_airport_pace,free_proxy_v1
San Jose,CA,United States,North America,37.3333,-121.8833,75.6,69.9,60.0,69.9,35.5,78.8,82.2,,moderate,67.5,partial_daily_life_food_nightlife_culture_outdoors_transit_airport_pace,free_proxy_v1
Seattle,WA,United States,North America,47.6167,-122.3333,80.3,73.6,75.8,79.6,72.5,81.4,89.3,,moderate,78.6,partial_daily_life_food_nightlife_culture_outdoors_transit_airport_pace,free_proxy_v1
Spokane,WA,United States,North America,47.6667,-117.4333,47.3,50.0,31.5,53.0,35.0,36.3,73.2,,moderate,46.1,partial_daily_life_food_nightlife_culture_outdoors_transit_airport_pace,free_proxy_v1
Tampa,FL,United States,North America,27.95,-82.45,56.7,56.5,37.8,53.0,43.8,55.7,88.2,,moderate,55.3,partial_daily_life_food_nightlife_culture_outdoors_transit_airport_pace,free_proxy_v1
Tucson,AZ,United States,North America,32.2167,-110.9667,51.3,49.6,30.2,55.8,61.3,49.2,76.2,,moderate,53.3,partial_daily_life_food_nightlife_culture_outdoors_transit_airport_pace,free_proxy_v1
Tulsa,OK,United States,North America,36.15,-96.0,51.2,45.8,30.4,50.9,22.8,32.5,77.1,,moderate,43.8,partial_daily_life_food_nightlife_culture_outdoors_transit_airport_pace,free_proxy_v1
Washington,DC,United States,North America,38.9,-77.0167,88.2,75.2,76.6,88.6,90.3,86.2,91.3,,moderate,85.5,partial_daily_life_food_nightlife_culture_outdoors_transit_airport_pace,free_proxy_v1
Montevideo,,Uruguay,South America,-34.8833,-56.1833,82.9,69.3,58.8,67.8,14.9,38.2,73.2,,slow,58.3,partial_daily_life_food_nightlife_culture_outdoors_transit_airport_pace,free_proxy_v1
Tashkent,,Uzbekistan,Asia,41.2995,69.2401,88.1,77.0,58.5,74.2,27.5,76.4,87.5,,moderate,70.5,partial_daily_life_food_nightlife_culture_outdoors_transit_airport_pace,free_proxy_v1
Caracas,,Venezuela,South America,10.5,-66.9167,77.7,66.5,56.8,64.9,24.2,78.3,84.0,,slow,64.7,partial_daily_life_food_nightlife_culture_outdoors_transit_airport_pace,free_proxy_v1
Hanoi,,Vietnam,Asia,21.0333,105.85,84.3,80.0,63.3,71.4,27.1,64.1,81.4,,moderate,67.7,partial_daily_life_food_nightlife_culture_outdoors_transit_airport_pace,free_proxy_v1
Ho Chi Minh City,,Vietnam,Asia,10.75,106.6667,88.2,79.6,61.1,65.8,26.6,68.2,86.6,,moderate,68.4,partial_daily_life_food_nightlife_culture_outdoors_transit_airport_pace,free_proxy_v1
